
REM INSERTING into PM_PROJECT_DATA
Insert into PM_PROJECT_DATA (PROJECT_ID,PROJECT_NAME,PROJECT_WIKI,PROJECT_KEY,PROJECT_PATH,PROJECT_DESCRIPTION,CHANGE_DATE,ENTRY_DATE,CHANGEBY_CHAR,STATUS_CD) values ('Demo','i2b2 Demo','http://www.i2b2.org',null,'/Demo',null,null,null,null,'A');
Insert into PM_PROJECT_DATA (PROJECT_ID,PROJECT_NAME,PROJECT_WIKI,PROJECT_KEY,PROJECT_PATH,PROJECT_DESCRIPTION,CHANGE_DATE,ENTRY_DATE,CHANGEBY_CHAR,STATUS_CD) values ('Demo2','i2b2 Demo2','http://www.i2b2.org',null,'/Demo2',null,null,null,null,'A');

REM INSERTING into PM_PROJECT_USER_ROLES
Insert into PM_PROJECT_USER_ROLES (PROJECT_ID,USER_ID,USER_ROLE_CD,CHANGE_DATE,ENTRY_DATE,CHANGEBY_CHAR,STATUS_CD) values ('Demo','OBFSC_SERVICE_ACCOUNT','USER',null,null,null,'A');
Insert into PM_PROJECT_USER_ROLES (PROJECT_ID,USER_ID,USER_ROLE_CD,CHANGE_DATE,ENTRY_DATE,CHANGEBY_CHAR,STATUS_CD) values ('Demo','OBFSC_SERVICE_ACCOUNT','DATA_OBFSC',null,null,null,'A');
Insert into PM_PROJECT_USER_ROLES (PROJECT_ID,USER_ID,USER_ROLE_CD,CHANGE_DATE,ENTRY_DATE,CHANGEBY_CHAR,STATUS_CD) values ('Demo','i2b2','ADMIN',null,null,null,'A');
Insert into PM_PROJECT_USER_ROLES (PROJECT_ID,USER_ID,USER_ROLE_CD,CHANGE_DATE,ENTRY_DATE,CHANGEBY_CHAR,STATUS_CD) values ('Demo','i2b2','MANAGER',null,null,null,'A');
Insert into PM_PROJECT_USER_ROLES (PROJECT_ID,USER_ID,USER_ROLE_CD,CHANGE_DATE,ENTRY_DATE,CHANGEBY_CHAR,STATUS_CD) values ('Demo','i2b2','USER',null,null,null,'A');
Insert into PM_PROJECT_USER_ROLES (PROJECT_ID,USER_ID,USER_ROLE_CD,CHANGE_DATE,ENTRY_DATE,CHANGEBY_CHAR,STATUS_CD) values ('Demo','i2b2','DATA_OBFSC',null,null,null,'A');
Insert into PM_PROJECT_USER_ROLES (PROJECT_ID,USER_ID,USER_ROLE_CD,CHANGE_DATE,ENTRY_DATE,CHANGEBY_CHAR,STATUS_CD) values ('Demo','demo','USER',null,null,null,'A');
Insert into PM_PROJECT_USER_ROLES (PROJECT_ID,USER_ID,USER_ROLE_CD,CHANGE_DATE,ENTRY_DATE,CHANGEBY_CHAR,STATUS_CD) values ('Demo','demo','DATA_DEID',null,null,null,'A');
Insert into PM_PROJECT_USER_ROLES (PROJECT_ID,USER_ID,USER_ROLE_CD,CHANGE_DATE,ENTRY_DATE,CHANGEBY_CHAR,STATUS_CD) values ('Demo','demo','DATA_OBFSC',null,null,null,'A');
Insert into PM_PROJECT_USER_ROLES (PROJECT_ID,USER_ID,USER_ROLE_CD,CHANGE_DATE,ENTRY_DATE,CHANGEBY_CHAR,STATUS_CD) values ('Demo','demo','DATA_AGG',null,null,null,'A');
Insert into PM_PROJECT_USER_ROLES (PROJECT_ID,USER_ID,USER_ROLE_CD,CHANGE_DATE,ENTRY_DATE,CHANGEBY_CHAR,STATUS_CD) values ('Demo','demo','DATA_LDS',null,null,null,'A');
Insert into PM_PROJECT_USER_ROLES (PROJECT_ID,USER_ID,USER_ROLE_CD,CHANGE_DATE,ENTRY_DATE,CHANGEBY_CHAR,STATUS_CD) values ('Demo2','OBFSC_SERVICE_ACCOUNT','USER',null,null,null,'A');
Insert into PM_PROJECT_USER_ROLES (PROJECT_ID,USER_ID,USER_ROLE_CD,CHANGE_DATE,ENTRY_DATE,CHANGEBY_CHAR,STATUS_CD) values ('Demo2','OBFSC_SERVICE_ACCOUNT','DATA_OBFSC',null,null,null,'A');
Insert into PM_PROJECT_USER_ROLES (PROJECT_ID,USER_ID,USER_ROLE_CD,CHANGE_DATE,ENTRY_DATE,CHANGEBY_CHAR,STATUS_CD) values ('Demo2','i2b2','ADMIN',null,null,null,'A');
Insert into PM_PROJECT_USER_ROLES (PROJECT_ID,USER_ID,USER_ROLE_CD,CHANGE_DATE,ENTRY_DATE,CHANGEBY_CHAR,STATUS_CD) values ('Demo2','i2b2','MANAGER',null,null,null,'A');
Insert into PM_PROJECT_USER_ROLES (PROJECT_ID,USER_ID,USER_ROLE_CD,CHANGE_DATE,ENTRY_DATE,CHANGEBY_CHAR,STATUS_CD) values ('Demo2','i2b2','USER',null,null,null,'A');
Insert into PM_PROJECT_USER_ROLES (PROJECT_ID,USER_ID,USER_ROLE_CD,CHANGE_DATE,ENTRY_DATE,CHANGEBY_CHAR,STATUS_CD) values ('Demo2','i2b2','DATA_OBFSC',null,null,null,'A');
Insert into PM_PROJECT_USER_ROLES (PROJECT_ID,USER_ID,USER_ROLE_CD,CHANGE_DATE,ENTRY_DATE,CHANGEBY_CHAR,STATUS_CD) values ('Demo2','demo','USER',null,null,null,'A');
Insert into PM_PROJECT_USER_ROLES (PROJECT_ID,USER_ID,USER_ROLE_CD,CHANGE_DATE,ENTRY_DATE,CHANGEBY_CHAR,STATUS_CD) values ('Demo2','demo','DATA_DEID',null,null,null,'A');
Insert into PM_PROJECT_USER_ROLES (PROJECT_ID,USER_ID,USER_ROLE_CD,CHANGE_DATE,ENTRY_DATE,CHANGEBY_CHAR,STATUS_CD) values ('Demo2','demo','DATA_OBFSC',null,null,null,'A');
Insert into PM_PROJECT_USER_ROLES (PROJECT_ID,USER_ID,USER_ROLE_CD,CHANGE_DATE,ENTRY_DATE,CHANGEBY_CHAR,STATUS_CD) values ('Demo2','demo','DATA_AGG',null,null,null,'A');
Insert into PM_PROJECT_USER_ROLES (PROJECT_ID,USER_ID,USER_ROLE_CD,CHANGE_DATE,ENTRY_DATE,CHANGEBY_CHAR,STATUS_CD) values ('Demo2','demo','DATA_LDS',null,null,null,'A');


REM INSERTING into PM_USER_DATA
Insert into PM_USER_DATA (USER_ID,FULL_NAME,PASSWORD,EMAIL,CHANGE_DATE,ENTRY_DATE,CHANGEBY_CHAR,STATUS_CD) values ('i2b2','i2b2 Admin','9117d59a69dc49807671a51f10ab7f',null,null,null,null,'A');
Insert into PM_USER_DATA (USER_ID,FULL_NAME,PASSWORD,EMAIL,CHANGE_DATE,ENTRY_DATE,CHANGEBY_CHAR,STATUS_CD) values ('demo','i2b2 User','9117d59a69dc49807671a51f10ab7f',null,null,null,null,'A');
